<keymap version="1" name="Default for Windows Proper Redo" parent="$default">
  <action id="$Redo">
    <keyboard-shortcut first-keystroke="shift ctrl z" />
    <keyboard-shortcut first-keystroke="shift alt back_space" />
    <keyboard-shortcut first-keystroke="ctrl y" />
  </action>
  <action id="Diff.FocusOppositePane" />
  <action id="EditorDeleteLine" />
  <action id="ExternalSystem.RunTask">
    <keyboard-shortcut first-keystroke="ctrl tab" />
  </action>
  <action id="Switcher">
    <keyboard-shortcut first-keystroke="shift ctrl tab" />
  </action>
</keymap>