<application>
  <component name="libraryTable">
    <library name="javafx.control">
      <CLASSES>
        <root url="jar://$USER_HOME$/Documents/javaFx/javafx-sdk-11.0.2/lib/javafx-swt.jar!/" />
        <root url="jar://$USER_HOME$/Documents/javaFx/javafx-sdk-11.0.2/lib/javafx.base.jar!/" />
        <root url="jar://$USER_HOME$/Documents/javaFx/javafx-sdk-11.0.2/lib/javafx.controls.jar!/" />
        <root url="jar://$USER_HOME$/Documents/javaFx/javafx-sdk-11.0.2/lib/javafx.fxml.jar!/" />
        <root url="jar://$USER_HOME$/Documents/javaFx/javafx-sdk-11.0.2/lib/javafx.graphics.jar!/" />
        <root url="jar://$USER_HOME$/Documents/javaFx/javafx-sdk-11.0.2/lib/javafx.media.jar!/" />
        <root url="jar://$USER_HOME$/Documents/javaFx/javafx-sdk-11.0.2/lib/javafx.swing.jar!/" />
        <root url="jar://$USER_HOME$/Documents/javaFx/javafx-sdk-11.0.2/lib/javafx.web.jar!/" />
      </CLASSES>
      <JAVADOC />
      <SOURCES />
    </library>
    <library name="sqlite-jdbc-3.30.1">
      <CLASSES>
        <root url="jar://$USER_HOME$/Downloads/sqlite-jdbc-3.30.1.jar!/" />
      </CLASSES>
      <JAVADOC />
      <SOURCES />
    </library>
  </component>
</application>